{"mean":{"confidence_interval":{"confidence_level":0.95,"lower_bound":0.3306306786622602,"upper_bound":0.8737353730974946},"point_estimate":0.5829748641743397,"standard_error":0.13907993491887008},"median":{"confidence_interval":{"confidence_level":0.95,"lower_bound":0.21019647085443327,"upper_bound":1.0972949112463222},"point_estimate":0.7056832567223017,"standard_error":0.23858184568879545}}