{"mean":{"confidence_interval":{"confidence_level":0.95,"lower_bound":1752473578.21,"upper_bound":1786223284.9},"point_estimate":1768199321.3,"standard_error":8676008.573304094},"median":{"confidence_interval":{"confidence_level":0.95,"lower_bound":1745940977.5,"upper_bound":1782814261.0},"point_estimate":1763678365.5,"standard_error":8157630.7170127295},"median_abs_dev":{"confidence_interval":{"confidence_level":0.95,"lower_bound":4963607.57137835,"upper_bound":45268654.209020734},"point_estimate":20851596.63451016,"standard_error":11716057.134923872},"slope":null,"std_dev":{"confidence_interval":{"confidence_level":0.95,"lower_bound":12710730.982674042,"upper_bound":39235755.372410834},"point_estimate":28876346.15979893,"standard_error":7314244.320818206}}