{"mean":{"confidence_interval":{"confidence_level":0.95,"lower_bound":1117150329.0,"upper_bound":1181053200.9975},"point_estimate":1148904213.1,"standard_error":16408764.371733835},"median":{"confidence_interval":{"confidence_level":0.95,"lower_bound":1088175816.0,"upper_bound":1201241800.5},"point_estimate":1152083324.5,"standard_error":27830098.17878455},"median_abs_dev":{"confidence_interval":{"confidence_level":0.95,"lower_bound":6569628.062465787,"upper_bound":95769086.44875884},"point_estimate":75169409.49527621,"standard_error":22825332.401699554},"slope":null,"std_dev":{"confidence_interval":{"confidence_level":0.95,"lower_bound":34540034.25150846,"upper_bound":65245346.38768421},"point_estimate":54849397.99809059,"standard_error":7874872.846685866}}