{"mean":{"confidence_interval":{"confidence_level":0.95,"lower_bound":2131750170.3,"upper_bound":2697738017.0},"point_estimate":2401327594.1,"standard_error":146457652.01227733},"median":{"confidence_interval":{"confidence_level":0.95,"lower_bound":1983344104.0,"upper_bound":2887820622.0},"point_estimate":2147875665.0,"standard_error":248852233.02779165},"median_abs_dev":{"confidence_interval":{"confidence_level":0.95,"lower_bound":5908805.826097727,"upper_bound":797904796.1502582},"point_estimate":250950528.40503752,"standard_error":218006434.62963578},"slope":null,"std_dev":{"confidence_interval":{"confidence_level":0.95,"lower_bound":225476933.15970758,"upper_bound":569585332.5356714},"point_estimate":486579597.53213465,"standard_error":82717151.81961492}}