{"mean":{"confidence_interval":{"confidence_level":0.95,"lower_bound":2551788.6005263156,"upper_bound":2624154.1952631595},"point_estimate":2586579.510526317,"standard_error":18464.55349968642},"median":{"confidence_interval":{"confidence_level":0.95,"lower_bound":2474634.947368421,"upper_bound":2559395.5263157897},"point_estimate":2504501.552631579,"standard_error":19534.460462404913},"median_abs_dev":{"confidence_interval":{"confidence_level":0.95,"lower_bound":73007.59052148768,"upper_bound":177111.62109800818},"point_estimate":117183.14128800454,"standard_error":26175.191595596138},"slope":null,"std_dev":{"confidence_interval":{"confidence_level":0.95,"lower_bound":149415.31795423967,"upper_bound":221749.91795027792},"point_estimate":185775.07602285268,"standard_error":18480.932519961807}}