{"mean":{"confidence_interval":{"confidence_level":0.95,"lower_bound":-0.5227462935801338,"upper_bound":-0.49837696961643274},"point_estimate":-0.5100218924403961,"standard_error":0.006227579879200305},"median":{"confidence_interval":{"confidence_level":0.95,"lower_bound":-0.5250385941210728,"upper_bound":-0.49790927400009544},"point_estimate":-0.503582636699204,"standard_error":0.006702393609307738}}