{"mean":{"confidence_interval":{"confidence_level":0.95,"lower_bound":1044994138.2,"upper_bound":1065220724.5},"point_estimate":1053169052.0,"standard_error":5464683.20704449},"median":{"confidence_interval":{"confidence_level":0.95,"lower_bound":1042547103.3875,"upper_bound":1055825357.0},"point_estimate":1047891076.0,"standard_error":3539835.0762738762},"median_abs_dev":{"confidence_interval":{"confidence_level":0.95,"lower_bound":796777.3952543736,"upper_bound":14688968.951618671},"point_estimate":8068897.648948431,"standard_error":4046008.8895801576},"slope":null,"std_dev":{"confidence_interval":{"confidence_level":0.95,"lower_bound":3516484.937417744,"upper_bound":27217830.17647409},"point_estimate":18157108.008560527,"standard_error":7519344.835169553}}