{"mean":{"confidence_interval":{"confidence_level":0.95,"lower_bound":-0.5518645397379421,"upper_bound":-0.42028497016502536},"point_estimate":-0.4997605843275801,"standard_error":0.03367040516353279},"median":{"confidence_interval":{"confidence_level":0.95,"lower_bound":-0.5687682299923592,"upper_bound":-0.48228448544940905},"point_estimate":-0.5275656821849157,"standard_error":0.021927560524651727}}