{"mean":{"confidence_interval":{"confidence_level":0.95,"lower_bound":-0.29743202252906686,"upper_bound":0.11481940920153758},"point_estimate":-0.12283519181945435,"standard_error":0.10576561566196416},"median":{"confidence_interval":{"confidence_level":0.95,"lower_bound":-0.38205420002703305,"upper_bound":0.2531027685122209},"point_estimate":0.11119908996250283,"standard_error":0.16120055490084664}}