{"mean":{"confidence_interval":{"confidence_level":0.95,"lower_bound":-0.998370406481409,"upper_bound":-0.9982246568006994},"point_estimate":-0.9982982094721736,"standard_error":0.000037276130062448164},"median":{"confidence_interval":{"confidence_level":0.95,"lower_bound":-0.9983944582826649,"upper_bound":-0.9982068478217905},"point_estimate":-0.9983235761483265,"standard_error":0.00004859068639418778}}