{"mean":{"confidence_interval":{"confidence_level":0.95,"lower_bound":-0.5167228486381188,"upper_bound":-0.4440943935522028},"point_estimate":-0.4814130504811347,"standard_error":0.01840426440172336},"median":{"confidence_interval":{"confidence_level":0.95,"lower_bound":-0.5189737412407749,"upper_bound":-0.42401249172808875},"point_estimate":-0.4917200847826404,"standard_error":0.024322574395846723}}