{"mean":{"confidence_interval":{"confidence_level":0.95,"lower_bound":-0.9984667165251357,"upper_bound":-0.9979285596688553},"point_estimate":-0.9982262384721934,"standard_error":0.0001377890150016144},"median":{"confidence_interval":{"confidence_level":0.95,"lower_bound":-0.9985532918520226,"upper_bound":-0.9976869857767812},"point_estimate":-0.9981685147742171,"standard_error":0.00020778609477989203}}