{"mean":{"confidence_interval":{"confidence_level":0.95,"lower_bound":-0.6771062873062417,"upper_bound":-0.6541085022392086},"point_estimate":-0.66515318337495,"standard_error":0.005874697960884865},"median":{"confidence_interval":{"confidence_level":0.95,"lower_bound":-0.6835350612781568,"upper_bound":-0.6490319550493299},"point_estimate":-0.6627326393803794,"standard_error":0.009206848227268498}}