{"mean":{"confidence_interval":{"confidence_level":0.95,"lower_bound":-0.9988173967917519,"upper_bound":-0.9986828783913188},"point_estimate":-0.9987461152039742,"standard_error":0.00003458664527285452},"median":{"confidence_interval":{"confidence_level":0.95,"lower_bound":-0.9987829628041343,"upper_bound":-0.9986641024709922},"point_estimate":-0.9987224516061506,"standard_error":0.000029640212968587827}}