{"mean":{"confidence_interval":{"confidence_level":0.95,"lower_bound":-0.9990729227406653,"upper_bound":-0.9990083728744185},"point_estimate":-0.9990404839916937,"standard_error":0.000016541805656020785},"median":{"confidence_interval":{"confidence_level":0.95,"lower_bound":-0.9990941484299035,"upper_bound":-0.9989899833180438},"point_estimate":-0.9990298912024821,"standard_error":0.000022666642857728628}}