{"mean":{"confidence_interval":{"confidence_level":0.95,"lower_bound":-0.6163367562825413,"upper_bound":-0.534108511423217},"point_estimate":-0.5761257943598967,"standard_error":0.021109570669233624},"median":{"confidence_interval":{"confidence_level":0.95,"lower_bound":-0.6293267512196001,"upper_bound":-0.515730239644721},"point_estimate":-0.5433099976263676,"standard_error":0.0317356556962001}}