{"mean":{"confidence_interval":{"confidence_level":0.95,"lower_bound":63455424.66,"upper_bound":64493637.74825},"point_estimate":63906029.67,"standard_error":264200.4344412603},"median":{"confidence_interval":{"confidence_level":0.95,"lower_bound":63098128.0,"upper_bound":63647665.5},"point_estimate":63310990.0,"standard_error":142050.6820969497},"median_abs_dev":{"confidence_interval":{"confidence_level":0.95,"lower_bound":752664.1156375408,"upper_bound":1274328.7957086414},"point_estimate":928107.5835227966,"standard_error":137991.55156273296},"slope":null,"std_dev":{"confidence_interval":{"confidence_level":0.95,"lower_bound":1171595.2530627595,"upper_bound":4016830.950426311},"point_estimate":2652103.588880669,"standard_error":765794.023470874}}