{"mean":{"confidence_interval":{"confidence_level":0.95,"lower_bound":-0.4645410749736644,"upper_bound":0.05500698294600655},"point_estimate":-0.268558116183805,"standard_error":0.13295681000830695},"median":{"confidence_interval":{"confidence_level":0.95,"lower_bound":-0.5195224525549791,"upper_bound":-0.046778968627151474},"point_estimate":-0.27200700120986854,"standard_error":0.12532878040793624}}