{"mean":{"confidence_interval":{"confidence_level":0.95,"lower_bound":4429912892.7,"upper_bound":5620996556.7},"point_estimate":4913476520.3,"standard_error":319712412.9003363},"median":{"confidence_interval":{"confidence_level":0.95,"lower_bound":4319772102.0,"upper_bound":5029492141.0},"point_estimate":4646596311.5,"standard_error":208493999.79599696},"median_abs_dev":{"confidence_interval":{"confidence_level":0.95,"lower_bound":162965005.8272928,"upper_bound":897991818.6231583},"point_estimate":526115455.57028353,"standard_error":195596960.7338543},"slope":null,"std_dev":{"confidence_interval":{"confidence_level":0.95,"lower_bound":260042893.34144485,"upper_bound":1599539705.605973},"point_estimate":1063429443.6797458,"standard_error":438501816.3890577}}