{"mean":{"confidence_interval":{"confidence_level":0.95,"lower_bound":1634736912.3,"upper_bound":2037147633.6},"point_estimate":1807014291.7,"standard_error":104872955.61173317},"median":{"confidence_interval":{"confidence_level":0.95,"lower_bound":1607187680.0,"upper_bound":1964913732.5},"point_estimate":1653204445.0,"standard_error":85543698.05424622},"median_abs_dev":{"confidence_interval":{"confidence_level":0.95,"lower_bound":3781439.43246603,"upper_bound":463084287.76271045},"point_estimate":68681294.03806329,"standard_error":99010916.02444032},"slope":null,"std_dev":{"confidence_interval":{"confidence_level":0.95,"lower_bound":43567283.807359256,"upper_bound":480366474.9786482},"point_estimate":348095776.8159837,"standard_error":118292733.08051196}}