{"mean":{"confidence_interval":{"confidence_level":0.95,"lower_bound":2807130095.0,"upper_bound":3432617300.4},"point_estimate":3093529840.8,"standard_error":161192736.30353507},"median":{"confidence_interval":{"confidence_level":0.95,"lower_bound":2687092494.5,"upper_bound":3470777374.0},"point_estimate":2959674334.5,"standard_error":185341609.07169792},"median_abs_dev":{"confidence_interval":{"confidence_level":0.95,"lower_bound":67744399.0844965,"upper_bound":839732285.4119718},"point_estimate":397189391.3738787,"standard_error":192324949.95653573},"slope":null,"std_dev":{"confidence_interval":{"confidence_level":0.95,"lower_bound":193508883.79631293,"upper_bound":693654420.2342503},"point_estimate":537655438.3968397,"standard_error":131195162.34018593}}