{"mean":{"confidence_interval":{"confidence_level":0.95,"lower_bound":-0.5610551770022496,"upper_bound":-0.5283551841936133},"point_estimate":-0.5460269598364507,"standard_error":0.008467660564947379},"median":{"confidence_interval":{"confidence_level":0.95,"lower_bound":-0.5669087338647738,"upper_bound":-0.5296071335320696},"point_estimate":-0.5468561418971084,"standard_error":0.007380721818820314}}