{"mean":{"confidence_interval":{"confidence_level":0.95,"lower_bound":-0.9989327258332915,"upper_bound":-0.9985300616100492},"point_estimate":-0.9987435843386342,"standard_error":0.00010269811676900924},"median":{"confidence_interval":{"confidence_level":0.95,"lower_bound":-0.9989133596426685,"upper_bound":-0.9985022857005231},"point_estimate":-0.9985240564129557,"standard_error":0.00011090001187266474}}