{"mean":{"confidence_interval":{"confidence_level":0.95,"lower_bound":62333798.9255,"upper_bound":63397483.63},"point_estimate":62823361.72,"standard_error":271435.8023464517},"median":{"confidence_interval":{"confidence_level":0.95,"lower_bound":61735019.0,"upper_bound":62723268.0},"point_estimate":62098671.0,"standard_error":265844.45413898677},"median_abs_dev":{"confidence_interval":{"confidence_level":0.95,"lower_bound":1161377.6394814253,"upper_bound":1838791.6521549225},"point_estimate":1590666.6857600212,"standard_error":173616.09570570165},"slope":null,"std_dev":{"confidence_interval":{"confidence_level":0.95,"lower_bound":1582024.7316476943,"upper_bound":3799250.4574493524},"point_estimate":2757027.900689451,"standard_error":581739.9370976631}}