{"mean":{"confidence_interval":{"confidence_level":0.95,"lower_bound":-0.9994194196660263,"upper_bound":-0.9990724744989344},"point_estimate":-0.99926637548413,"standard_error":0.00008952703436707726},"median":{"confidence_interval":{"confidence_level":0.95,"lower_bound":-0.9993955816600842,"upper_bound":-0.9990128077758151},"point_estimate":-0.9991192405193312,"standard_error":0.00008393377468492625}}