{"mean":{"confidence_interval":{"confidence_level":0.95,"lower_bound":1487772.6486631946,"upper_bound":1590114.2638194445},"point_estimate":1536149.0307083332,"standard_error":25918.61539600074},"median":{"confidence_interval":{"confidence_level":0.95,"lower_bound":1479444.4925000002,"upper_bound":1618617.5},"point_estimate":1483845.3655555556,"standard_error":36557.08866373756},"median_abs_dev":{"confidence_interval":{"confidence_level":0.95,"lower_bound":574.6495722977467,"upper_bound":125253.07553118846},"point_estimate":8171.255445097843,"standard_error":37266.32200806087},"slope":{"confidence_interval":{"confidence_level":0.95,"lower_bound":1491778.1003125,"upper_bound":1633564.3467353953},"point_estimate":1568501.989090909,"standard_error":34886.77359703099},"std_dev":{"confidence_interval":{"confidence_level":0.95,"lower_bound":12309.609286818459,"upper_bound":107860.09166533245},"point_estimate":86621.20102858472,"standard_error":19950.22187440225}}