{"mean":{"confidence_interval":{"confidence_level":0.95,"lower_bound":-0.5103139299496778,"upper_bound":-0.37477608577445864},"point_estimate":-0.4451269417627013,"standard_error":0.034137393291544416},"median":{"confidence_interval":{"confidence_level":0.95,"lower_bound":-0.5457429144302739,"upper_bound":-0.331230623948775},"point_estimate":-0.5057867838698998,"standard_error":0.05991739628055898}}