{"mean":{"confidence_interval":{"confidence_level":0.95,"lower_bound":4409931.988871694,"upper_bound":4453280.52297808},"point_estimate":4431140.2150548,"standard_error":11149.804253964621},"median":{"confidence_interval":{"confidence_level":0.95,"lower_bound":4400230.669642857,"upper_bound":4461823.152380953},"point_estimate":4428322.74021164,"standard_error":14799.034988965548},"median_abs_dev":{"confidence_interval":{"confidence_level":0.95,"lower_bound":11360.538003866157,"upper_bound":67018.30952447276},"point_estimate":33140.986694963154,"standard_error":14114.331365945096},"slope":{"confidence_interval":{"confidence_level":0.95,"lower_bound":4421944.978617143,"upper_bound":4459991.104394453},"point_estimate":4440554.238837353,"standard_error":9558.390331658624},"std_dev":{"confidence_interval":{"confidence_level":0.95,"lower_bound":20756.78176337902,"upper_bound":46752.39076171044},"point_estimate":37143.34172043159,"standard_error":6683.431637245897}}