{"mean":{"confidence_interval":{"confidence_level":0.95,"lower_bound":-0.9986615200883631,"upper_bound":-0.9985634726061761},"point_estimate":-0.9986138772134613,"standard_error":0.000025094853476400837},"median":{"confidence_interval":{"confidence_level":0.95,"lower_bound":-0.9986770991470583,"upper_bound":-0.9985298297565911},"point_estimate":-0.9986173219069042,"standard_error":0.00003847399752434833}}