{"mean":{"confidence_interval":{"confidence_level":0.95,"lower_bound":-0.523608769485927,"upper_bound":-0.3806327116470114},"point_estimate":-0.46740808426436387,"standard_error":0.03519557976136672},"median":{"confidence_interval":{"confidence_level":0.95,"lower_bound":-0.5548113570944768,"upper_bound":-0.4006232878144237},"point_estimate":-0.5059371680492519,"standard_error":0.034996593729303624}}