{"mean":{"confidence_interval":{"confidence_level":0.95,"lower_bound":11380200047.16,"upper_bound":12716692762.6},"point_estimate":12048829403.2,"standard_error":343289081.38188344},"median":{"confidence_interval":{"confidence_level":0.95,"lower_bound":11190565103.0,"upper_bound":13004332246.0},"point_estimate":12093776337.5,"standard_error":491687724.35260063},"median_abs_dev":{"confidence_interval":{"confidence_level":0.95,"lower_bound":61101650.67392886,"upper_bound":1891102381.2166214},"point_estimate":1294573441.118127,"standard_error":461402627.67518556},"slope":null,"std_dev":{"confidence_interval":{"confidence_level":0.95,"lower_bound":637946135.2560568,"upper_bound":1453529802.1959643},"point_estimate":1145366334.7096515,"standard_error":208461760.83768097}}