{"mean":{"confidence_interval":{"confidence_level":0.95,"lower_bound":2661298860.4,"upper_bound":2930645702.4},"point_estimate":2787827347.8,"standard_error":69174302.06391853},"median":{"confidence_interval":{"confidence_level":0.95,"lower_bound":2616327784.0,"upper_bound":2966763393.0},"point_estimate":2669275282.5,"standard_error":114269182.24240647},"median_abs_dev":{"confidence_interval":{"confidence_level":0.95,"lower_bound":21734189.14014101,"upper_bound":431674705.309242},"point_estimate":142936515.3396696,"standard_error":105819928.55080934},"slope":null,"std_dev":{"confidence_interval":{"confidence_level":0.95,"lower_bound":117027074.33052152,"upper_bound":297607353.08212686},"point_estimate":230900289.2674119,"standard_error":48014538.924401075}}