{"mean":{"confidence_interval":{"confidence_level":0.95,"lower_bound":-0.9990701661635155,"upper_bound":-0.999029374877168},"point_estimate":-0.9990489517848337,"standard_error":0.000010470188937725228},"median":{"confidence_interval":{"confidence_level":0.95,"lower_bound":-0.9990715186082177,"upper_bound":-0.9990197146899032},"point_estimate":-0.9990480723138084,"standard_error":0.000012950940434778606}}