{"mean":{"confidence_interval":{"confidence_level":0.95,"lower_bound":-0.9982144990858581,"upper_bound":-0.998045622441558},"point_estimate":-0.9981343827429502,"standard_error":0.0000430141020373615},"median":{"confidence_interval":{"confidence_level":0.95,"lower_bound":-0.998211587409211,"upper_bound":-0.9980303625824727},"point_estimate":-0.9981300511812163,"standard_error":0.000041325688910841346}}