{"mean":{"confidence_interval":{"confidence_level":0.95,"lower_bound":892522263.8,"upper_bound":940603029.4449998},"point_estimate":912636231.2,"standard_error":12906541.370709619},"median":{"confidence_interval":{"confidence_level":0.95,"lower_bound":890333176.0,"upper_bound":929496926.0},"point_estimate":894980819.0,"standard_error":8428473.643121503},"median_abs_dev":{"confidence_interval":{"confidence_level":0.95,"lower_bound":1580790.3460353613,"upper_bound":50033545.940726995},"point_estimate":6245036.519828439,"standard_error":10110129.894357229},"slope":null,"std_dev":{"confidence_interval":{"confidence_level":0.95,"lower_bound":3042543.8275393522,"upper_bound":60355562.98824312},"point_estimate":42955193.846655205,"standard_error":16006183.139835099}}