{"mean":{"confidence_interval":{"confidence_level":0.95,"lower_bound":1371664796.3,"upper_bound":1388077559.775},"point_estimate":1379596760.5,"standard_error":4284427.170992788},"median":{"confidence_interval":{"confidence_level":0.95,"lower_bound":1373725668.5,"upper_bound":1390639232.5},"point_estimate":1377249614.5,"standard_error":3348134.698895207},"median_abs_dev":{"confidence_interval":{"confidence_level":0.95,"lower_bound":435977.7960598469,"upper_bound":27510798.939585686},"point_estimate":3346318.5791909695,"standard_error":6812323.612521673},"slope":null,"std_dev":{"confidence_interval":{"confidence_level":0.95,"lower_bound":2998286.2036021324,"upper_bound":19142086.88558493},"point_estimate":14251909.105790596,"standard_error":3486820.9054023414}}