{"mean":{"confidence_interval":{"confidence_level":0.95,"lower_bound":-0.3299597179487224,"upper_bound":-0.06278062917380006},"point_estimate":-0.21739519858020329,"standard_error":0.06819706092687393},"median":{"confidence_interval":{"confidence_level":0.95,"lower_bound":-0.3928919906000564,"upper_bound":0.06969429043094233},"point_estimate":-0.22034827859452544,"standard_error":0.1519952705745218}}