{"mean":{"confidence_interval":{"confidence_level":0.95,"lower_bound":-0.531607411138036,"upper_bound":-0.42291501931382763},"point_estimate":-0.4828726152039978,"standard_error":0.027623503045639188},"median":{"confidence_interval":{"confidence_level":0.95,"lower_bound":-0.54935700601059,"upper_bound":-0.41128713063118827},"point_estimate":-0.49546051462590057,"standard_error":0.031769904527960344}}