{"mean":{"confidence_interval":{"confidence_level":0.95,"lower_bound":1453061728.8625,"upper_bound":1893631552.7925},"point_estimate":1652589641.4,"standard_error":113106398.1416955},"median":{"confidence_interval":{"confidence_level":0.95,"lower_bound":1329663951.0,"upper_bound":1844130355.0},"point_estimate":1563266603.5,"standard_error":121562957.89459212},"median_abs_dev":{"confidence_interval":{"confidence_level":0.95,"lower_bound":45921826.22952461,"upper_bound":552243240.7764226},"point_estimate":351740541.9640571,"standard_error":132379755.73222153},"slope":null,"std_dev":{"confidence_interval":{"confidence_level":0.95,"lower_bound":149411394.14721513,"upper_bound":510689382.6502244},"point_estimate":376978348.2960992,"standard_error":99381179.41687104}}