{"mean":{"confidence_interval":{"confidence_level":0.95,"lower_bound":-0.9986120682727312,"upper_bound":-0.9982295146811223},"point_estimate":-0.9984543761852612,"standard_error":0.0000982626841169931},"median":{"confidence_interval":{"confidence_level":0.95,"lower_bound":-0.9986697938960496,"upper_bound":-0.9983172874247612},"point_estimate":-0.9984718647719352,"standard_error":0.00008758202339375136}}