{"mean":{"confidence_interval":{"confidence_level":0.95,"lower_bound":-0.9983907670734097,"upper_bound":-0.9982610851543945},"point_estimate":-0.9983276168571691,"standard_error":0.00003327059709001109},"median":{"confidence_interval":{"confidence_level":0.95,"lower_bound":-0.9983918622151512,"upper_bound":-0.9982567086834688},"point_estimate":-0.9983511692132283,"standard_error":0.00003564075251684812}}