{"mean":{"confidence_interval":{"confidence_level":0.95,"lower_bound":10988227095.3,"upper_bound":11841734261.5},"point_estimate":11416680096.4,"standard_error":224427907.3626691},"median":{"confidence_interval":{"confidence_level":0.95,"lower_bound":10756826796.5,"upper_bound":12318903488.0},"point_estimate":11386643201.0,"standard_error":296419682.6987987},"median_abs_dev":{"confidence_interval":{"confidence_level":0.95,"lower_bound":16816035.1187557,"upper_bound":1465444039.9137676},"point_estimate":849357294.7890937,"standard_error":473414490.6897066},"slope":null,"std_dev":{"confidence_interval":{"confidence_level":0.95,"lower_bound":440391458.72117645,"upper_bound":930594536.8367362},"point_estimate":749686526.0562673,"standard_error":129477139.24530691}}