{"mean":{"confidence_interval":{"confidence_level":0.95,"lower_bound":-0.1600445682230198,"upper_bound":0.42633975828117304},"point_estimate":0.09170117717771542,"standard_error":0.14993259662755076},"median":{"confidence_interval":{"confidence_level":0.95,"lower_bound":-0.3883635793020397,"upper_bound":0.9068921622488317},"point_estimate":0.16184201473506254,"standard_error":0.3473297408759784}}