{"mean":{"confidence_interval":{"confidence_level":0.95,"lower_bound":-0.3865385313342842,"upper_bound":-0.34115686581960863},"point_estimate":-0.36387218876480876,"standard_error":0.012118975814607297},"median":{"confidence_interval":{"confidence_level":0.95,"lower_bound":-0.3824656324425555,"upper_bound":-0.3173746975124273},"point_estimate":-0.3673339040715772,"standard_error":0.014688319515542175}}