{"mean":{"confidence_interval":{"confidence_level":0.95,"lower_bound":-0.448906400275621,"upper_bound":-0.27684929667279895},"point_estimate":-0.37380865299426225,"standard_error":0.04401605714933825},"median":{"confidence_interval":{"confidence_level":0.95,"lower_bound":-0.4895361823810679,"upper_bound":-0.2920302753998205},"point_estimate":-0.40036005318003576,"standard_error":0.046306142510701594}}