{"mean":{"confidence_interval":{"confidence_level":0.95,"lower_bound":-0.22074593426676808,"upper_bound":-0.03593840118223752},"point_estimate":-0.1427249448443767,"standard_error":0.047513429997286895},"median":{"confidence_interval":{"confidence_level":0.95,"lower_bound":-0.24995989985197808,"upper_bound":0.008960217102585016},"point_estimate":-0.19663387843818492,"standard_error":0.06403373113932158}}