{"mean":{"confidence_interval":{"confidence_level":0.95,"lower_bound":-0.9988129729965084,"upper_bound":-0.9987035120275535},"point_estimate":-0.9987592177837196,"standard_error":0.000027887839432085907},"median":{"confidence_interval":{"confidence_level":0.95,"lower_bound":-0.998832734186285,"upper_bound":-0.9986796467775182},"point_estimate":-0.9987985966204839,"standard_error":0.00003561422386038969}}