{"mean":{"confidence_interval":{"confidence_level":0.95,"lower_bound":-0.997874670273042,"upper_bound":-0.9968329084204293},"point_estimate":-0.9974470578187703,"standard_error":0.00026751452068650634},"median":{"confidence_interval":{"confidence_level":0.95,"lower_bound":-0.9981937047023819,"upper_bound":-0.9962412137248562},"point_estimate":-0.9974806934927404,"standard_error":0.0005969524119275441}}