{"mean":{"confidence_interval":{"confidence_level":0.95,"lower_bound":-0.9974754220439669,"upper_bound":-0.997231578367834},"point_estimate":-0.9973501018788747,"standard_error":0.00006210154350211183},"median":{"confidence_interval":{"confidence_level":0.95,"lower_bound":-0.9972667589175463,"upper_bound":-0.9971428595315207},"point_estimate":-0.9972199942447294,"standard_error":0.000032188191449954195}}