{"mean":{"confidence_interval":{"confidence_level":0.95,"lower_bound":-0.517507978938053,"upper_bound":-0.2940718464714235},"point_estimate":-0.418115839429513,"standard_error":0.057449405288925504},"median":{"confidence_interval":{"confidence_level":0.95,"lower_bound":-0.558183341081256,"upper_bound":-0.27812166096146607},"point_estimate":-0.4973508711362632,"standard_error":0.07003668439818257}}