{"mean":{"confidence_interval":{"confidence_level":0.95,"lower_bound":-0.9985573837791184,"upper_bound":-0.9976833153138865},"point_estimate":-0.9981702504185959,"standard_error":0.00022219094712229524},"median":{"confidence_interval":{"confidence_level":0.95,"lower_bound":-0.9986372683698977,"upper_bound":-0.9975417164309892},"point_estimate":-0.9976861112215593,"standard_error":0.0002434441757044466}}