{"mean":{"confidence_interval":{"confidence_level":0.95,"lower_bound":1085123579.4,"upper_bound":1278360636.985},"point_estimate":1178611819.3,"standard_error":49502585.52298523},"median":{"confidence_interval":{"confidence_level":0.95,"lower_bound":1030843700.0,"upper_bound":1331840960.0},"point_estimate":1171316272.5,"standard_error":75257262.48376906},"median_abs_dev":{"confidence_interval":{"confidence_level":0.95,"lower_bound":24881597.65906334,"upper_bound":298975683.6348206},"point_estimate":195773629.6612233,"standard_error":75473562.85985182},"slope":null,"std_dev":{"confidence_interval":{"confidence_level":0.95,"lower_bound":90361923.47618692,"upper_bound":200506629.96681654},"point_estimate":164676533.46333012,"standard_error":28172183.626720585}}