{"mean":{"confidence_interval":{"confidence_level":0.95,"lower_bound":-0.7094698722695892,"upper_bound":-0.7020968690074127},"point_estimate":-0.7058333455095998,"standard_error":0.0018821118164009283},"median":{"confidence_interval":{"confidence_level":0.95,"lower_bound":-0.7105269746755866,"upper_bound":-0.702778380388323},"point_estimate":-0.704994022937864,"standard_error":0.002136141443881105}}