{"mean":{"confidence_interval":{"confidence_level":0.95,"lower_bound":6523678121.122499,"upper_bound":6839743629.9},"point_estimate":6677840996.0,"standard_error":81001621.74825284},"median":{"confidence_interval":{"confidence_level":0.95,"lower_bound":6442329321.0,"upper_bound":6870786965.5},"point_estimate":6658000206.0,"standard_error":106340795.73533314},"median_abs_dev":{"confidence_interval":{"confidence_level":0.95,"lower_bound":82948762.0410651,"upper_bound":448659626.3561994},"point_estimate":311424422.5285113,"standard_error":100219016.82704602},"slope":null,"std_dev":{"confidence_interval":{"confidence_level":0.95,"lower_bound":149964112.0739,"upper_bound":340479954.54628533},"point_estimate":270267767.7685959,"standard_error":48884846.17095873}}