{"mean":{"confidence_interval":{"confidence_level":0.95,"lower_bound":8110127733.695,"upper_bound":8576584694.0125},"point_estimate":8343562370.1,"standard_error":119574992.40013832},"median":{"confidence_interval":{"confidence_level":0.95,"lower_bound":8015767076.0,"upper_bound":8714580634.0},"point_estimate":8274465155.5,"standard_error":189567431.68744853},"median_abs_dev":{"confidence_interval":{"confidence_level":0.95,"lower_bound":84716703.94697785,"upper_bound":669474159.0436578},"point_estimate":528541498.40031266,"standard_error":158646524.63721648},"slope":null,"std_dev":{"confidence_interval":{"confidence_level":0.95,"lower_bound":244525823.547313,"upper_bound":483825109.43686855},"point_estimate":396706256.7519322,"standard_error":61791775.120579615}}